{"Луганська область": 116.07741071428572, "Донецька область": 118.55026936517181, "Івано-Франківська область": 115.88552537242093, "Вінницька область": 115.4632875747976, "Полтавська область": 123.37552779732583, "Львівська область": 134.17728309948052, "Київська область": 126.60995951417004, "Чернігівська область": 126.48753012048192, "Дніпропетровська область": 130.91376768867926, "Волинська область": 121.67016402455786, "Сумська область": 121.26170875514518, "Миколаївська область": 114.39027926960257, "Запорізька область": 120.87404963419883, "Хмельницька область": 117.42370441458733, "Тернопільська область": 115.2856568903174, "Херсонська область": 118.35603134938664, "Одеська область": 116.46810463515374, "Житомирська область": 117.84667019961138, "Кіровоградська область": 116.55986798679868, "м.Київ": 138.36494902687673, "Чернівецька область": 103.54403344021988, "Черкаська область": 135.87395600517587, "Харківська область": 128.47661349693252, "Закарпатська область": 89.97052458448753, "Рівненська область": 115.26064973325902}